<?xml version="1.0" encoding="UTF-8" ?>
<!DOCTYPE mapper PUBLIC "-//mybatis.org//DTD Mapper 3.0//EN" "http://mybatis.org/dtd/mybatis-3-mapper.dtd" >
<mapper namespace="com.univcollie.zjl.DAO.UserDAO">

    <select id="getUser" parameterType="HashMap" resultType="com.univcollie.zjl.entity.User">
        SELECT * FROM user WHERE telnumber=#{telnumber} AND `password`=#{password}
    </select>
    <select id="getUserInfor" parameterType="java.lang.Integer" resultType="com.univcollie.zjl.entity.Userinfor">
        SELECT * FROM `userinfo` where ID=#{ID}
    </select>


    <select id="checkupKey" parameterType="HashMap" resultType="java.lang.Integer">
        SELECT id FROM user WHERE telnumber=#{telnumber} or studentid= #{studentid}
    </select>
    <insert id="insertUser" parameterType="HashMap" useGeneratedKeys="true" keyProperty="ID">
        INSERT INTO user(username,password,telnumber,studentid,age,sex,identity,classname,safetyindex) VALUES(#{username},#{password},#{telnumber},#{studentid},#{age},#{sex},#{identity},#{classname},#{safetyindex})
    </insert>
    <insert id="insertUser_punch" keyProperty="ID">
        INSERT INTO punchlog(success,fail) VALUES(0,0)
    </insert>
    <insert id="insertUser_dis" keyProperty="ID">
        INSERT INTO dis(illog) VALUES("")
    </insert>

</mapper>
